local_filename,category,source_page_url,original_url,download_url,download_variant,download_width,download_height,title,author,credit,license,license_url,mime,width,height,sha256,review_disposition,review_note,collected_at
"raw/commons-approved/ogasawara-marine-center/ogasawara-marine-center-91d3e2ec5e7c.jpg","Category:Ogasawara Marine Center","https://commons.wikimedia.org/wiki/File:Feeding_sea_turtles_at_Ogasawara_Marine_Center.jpg","https://upload.wikimedia.org/wikipedia/commons/0/00/Feeding_sea_turtles_at_Ogasawara_Marine_Center.jpg?utm_source=commons.wikimedia.org&utm_campaign=imageinfo&utm_content=original","https://upload.wikimedia.org/wikipedia/commons/thumb/0/00/Feeding_sea_turtles_at_Ogasawara_Marine_Center.jpg/3840px-Feeding_sea_turtles_at_Ogasawara_Marine_Center.jpg?utm_source=commons.wikimedia.org&utm_campaign=imageinfo&utm_content=thumbnail","thumbnail_2048","2048","1365","File:Feeding sea turtles at Ogasawara Marine Center.jpg","Yasu ( talk )","Own work","CC BY-SA 3.0","https://creativecommons.org/licenses/by-sa/3.0","image/jpeg","4727","3151","e895bb3d651c9b8afefe08ab209a2b67318c610a226f00a707c5f4cfbaff23d2","needs_human_review","","2026-08-14T03:42:27Z"
"raw/commons-approved/ogasawara-marine-center/ogasawara-marine-center-ee55db1ee4a9.jpg","Category:Ogasawara Marine Center","https://commons.wikimedia.org/wiki/File:Green_sea_turtle_at_Ogasawara_Marine_Center.jpg","https://upload.wikimedia.org/wikipedia/commons/f/f8/Green_sea_turtle_at_Ogasawara_Marine_Center.jpg?utm_source=commons.wikimedia.org&utm_campaign=imageinfo&utm_content=original","https://upload.wikimedia.org/wikipedia/commons/thumb/f/f8/Green_sea_turtle_at_Ogasawara_Marine_Center.jpg/3840px-Green_sea_turtle_at_Ogasawara_Marine_Center.jpg?utm_source=commons.wikimedia.org&utm_campaign=imageinfo&utm_content=thumbnail","thumbnail_2048","2048","1365","File:Green sea turtle at Ogasawara Marine Center.jpg","Yasu ( talk )","Own work","CC BY-SA 3.0","https://creativecommons.org/licenses/by-sa/3.0","image/jpeg","5472","3648","51ec98204855807cbfe7fbbec397ac7850c1ca04d31543f742d03e0fa9894f37","needs_human_review","","2026-08-14T03:42:27Z"
"raw/commons-approved/ogasawara-marine-center/ogasawara-marine-center-169c389b4114.jpg","Category:Ogasawara Marine Center","https://commons.wikimedia.org/wiki/File:Ogasawara_Marine_Center.jpg","https://upload.wikimedia.org/wikipedia/commons/8/8b/Ogasawara_Marine_Center.jpg?utm_source=commons.wikimedia.org&utm_campaign=imageinfo&utm_content=original","https://upload.wikimedia.org/wikipedia/commons/thumb/8/8b/Ogasawara_Marine_Center.jpg/3840px-Ogasawara_Marine_Center.jpg?utm_source=commons.wikimedia.org&utm_campaign=imageinfo&utm_content=thumbnail","thumbnail_2048","2048","1365","File:Ogasawara Marine Center.jpg","Yasu ( talk )","Own work","CC BY-SA 3.0","https://creativecommons.org/licenses/by-sa/3.0","image/jpeg","4079","2719","c10cf53bd3dcf4461f4f523c0415e4e387c33ba2ba7d8806968dad2d466fe700","needs_human_review","","2026-08-14T03:42:27Z"
"raw/commons-approved/ogasawara-marine-center/ogasawara-marine-center-8130c07f9752.jpg","Category:Ogasawara Marine Center","https://commons.wikimedia.org/wiki/File:%E5%B0%8F%E7%AC%A0%E5%8E%9F_%E6%B5%B7%E6%B4%8B%E3%82%BB%E3%83%B3%E3%82%BF%E3%83%BC_(37921799775).jpg","https://upload.wikimedia.org/wikipedia/commons/4/4a/%E5%B0%8F%E7%AC%A0%E5%8E%9F_%E6%B5%B7%E6%B4%8B%E3%82%BB%E3%83%B3%E3%82%BF%E3%83%BC_%2837921799775%29.jpg?utm_source=commons.wikimedia.org&utm_campaign=imageinfo&utm_content=original","https://upload.wikimedia.org/wikipedia/commons/thumb/4/4a/%E5%B0%8F%E7%AC%A0%E5%8E%9F_%E6%B5%B7%E6%B4%8B%E3%82%BB%E3%83%B3%E3%82%BF%E3%83%BC_%2837921799775%29.jpg/3840px-%E5%B0%8F%E7%AC%A0%E5%8E%9F_%E6%B5%B7%E6%B4%8B%E3%82%BB%E3%83%B3%E3%82%BF%E3%83%BC_%2837921799775%29.jpg?utm_source=commons.wikimedia.org&utm_campaign=imageinfo&utm_content=thumbnail","thumbnail_2048","2048","1368","File:小笠原 海洋センター (37921799775).jpg","TAKA@P.P.R.S","小笠原諸島旅行記-100.jpg","CC BY-SA 2.0","https://creativecommons.org/licenses/by-sa/2.0","image/jpeg","4240","2832","90909d0b17767f2a05e5ae782ff0122996a6217238f513f378ce2f0decda15f2","needs_human_review","","2026-08-14T03:42:27Z"
"raw/commons-approved/pawikan-conservation-center/pawikan-conservation-center-3131c2608c08.jpg","Category:Pawikan Conservation Center","https://commons.wikimedia.org/wiki/File:Morong,Bataanjf7085_01.JPG","https://upload.wikimedia.org/wikipedia/commons/0/0c/Morong%2CBataanjf7085_01.JPG?utm_source=commons.wikimedia.org&utm_campaign=imageinfo&utm_content=original","https://upload.wikimedia.org/wikipedia/commons/0/0c/Morong%2CBataanjf7085_01.JPG?utm_source=commons.wikimedia.org&utm_campaign=imageinfo&utm_content=original","original","4608","3456","File:Morong,Bataanjf7085 01.JPG","Ramon FVelasquez","Own work","CC BY-SA 3.0","https://creativecommons.org/licenses/by-sa/3.0","image/jpeg","4608","3456","a3ac2df8a3efc662b29e89c6a194939029c1d35eada44ba5d939c5cd70358e59","hard_negative_candidate","Visual review: indoor/painted turtle display or museum signage; do not use as a hatchery-positive image.","2026-08-14T03:42:27Z"
"raw/commons-approved/pawikan-conservation-center/pawikan-conservation-center-abf0131489ff.jpg","Category:Pawikan Conservation Center","https://commons.wikimedia.org/wiki/File:Morong,Bataanjf7085_02.JPG","https://upload.wikimedia.org/wikipedia/commons/1/16/Morong%2CBataanjf7085_02.JPG?utm_source=commons.wikimedia.org&utm_campaign=imageinfo&utm_content=original","https://upload.wikimedia.org/wikipedia/commons/1/16/Morong%2CBataanjf7085_02.JPG?utm_source=commons.wikimedia.org&utm_campaign=imageinfo&utm_content=original","original","4608","3456","File:Morong,Bataanjf7085 02.JPG","Ramon FVelasquez","Own work","CC BY-SA 3.0","https://creativecommons.org/licenses/by-sa/3.0","image/jpeg","4608","3456","f4702238b6877f9c94500bc58f4011f64c88ccee1798b9f72d049b4831ffeb52","hard_negative_candidate","Visual review: indoor/painted turtle display or museum signage; do not use as a hatchery-positive image.","2026-08-14T03:42:27Z"
"raw/commons-approved/pawikan-conservation-center/pawikan-conservation-center-e04d8474331b.jpg","Category:Pawikan Conservation Center","https://commons.wikimedia.org/wiki/File:Morong,Bataanjf7085_03.JPG","https://upload.wikimedia.org/wikipedia/commons/b/bf/Morong%2CBataanjf7085_03.JPG?utm_source=commons.wikimedia.org&utm_campaign=imageinfo&utm_content=original","https://upload.wikimedia.org/wikipedia/commons/b/bf/Morong%2CBataanjf7085_03.JPG?utm_source=commons.wikimedia.org&utm_campaign=imageinfo&utm_content=original","original","4608","3456","File:Morong,Bataanjf7085 03.JPG","Ramon FVelasquez","Own work","CC BY-SA 3.0","https://creativecommons.org/licenses/by-sa/3.0","image/jpeg","4608","3456","c339144ac36809ac8a7f256966f673d640ad42377e1993b2bb63114f58c426f5","hard_negative_candidate","Visual review: indoor/painted turtle display or museum signage; do not use as a hatchery-positive image.","2026-08-14T03:42:27Z"
"raw/commons-approved/pawikan-conservation-center/pawikan-conservation-center-002d8b42d1ed.jpg","Category:Pawikan Conservation Center","https://commons.wikimedia.org/wiki/File:Morong,Bataanjf7085_04.JPG","https://upload.wikimedia.org/wikipedia/commons/7/71/Morong%2CBataanjf7085_04.JPG?utm_source=commons.wikimedia.org&utm_campaign=imageinfo&utm_content=original","https://upload.wikimedia.org/wikipedia/commons/7/71/Morong%2CBataanjf7085_04.JPG?utm_source=commons.wikimedia.org&utm_campaign=imageinfo&utm_content=original","original","4608","3456","File:Morong,Bataanjf7085 04.JPG","Ramon FVelasquez","Own work","CC BY-SA 3.0","https://creativecommons.org/licenses/by-sa/3.0","image/jpeg","4608","3456","201d5f99095cfa69fd3492fb5317ec22281b2e3a3ca15b4b41e4206d61b73e03","hard_negative_candidate","Visual review: indoor/painted turtle display or museum signage; do not use as a hatchery-positive image.","2026-08-14T03:42:27Z"
"raw/commons-approved/pawikan-conservation-center/pawikan-conservation-center-decfd37450c0.jpg","Category:Pawikan Conservation Center","https://commons.wikimedia.org/wiki/File:Morong,Bataanjf7085_05.JPG","https://upload.wikimedia.org/wikipedia/commons/d/dc/Morong%2CBataanjf7085_05.JPG?utm_source=commons.wikimedia.org&utm_campaign=imageinfo&utm_content=original","https://upload.wikimedia.org/wikipedia/commons/d/dc/Morong%2CBataanjf7085_05.JPG?utm_source=commons.wikimedia.org&utm_campaign=imageinfo&utm_content=original","original","4608","3456","File:Morong,Bataanjf7085 05.JPG","Ramon FVelasquez","Own work","CC BY-SA 3.0","https://creativecommons.org/licenses/by-sa/3.0","image/jpeg","4608","3456","8675ab1baa7697410892df4af7eb1c377df61ca4d334f9d109d859f5251982e0","hard_negative_candidate","Visual review: indoor/painted turtle display or museum signage; do not use as a hatchery-positive image.","2026-08-14T03:42:27Z"
"raw/commons-approved/pawikan-conservation-center/pawikan-conservation-center-364f9ed570fe.jpg","Category:Pawikan Conservation Center","https://commons.wikimedia.org/wiki/File:Morong,Bataanjf7085_06.JPG","https://upload.wikimedia.org/wikipedia/commons/f/fc/Morong%2CBataanjf7085_06.JPG?utm_source=commons.wikimedia.org&utm_campaign=imageinfo&utm_content=original","https://upload.wikimedia.org/wikipedia/commons/f/fc/Morong%2CBataanjf7085_06.JPG?utm_source=commons.wikimedia.org&utm_campaign=imageinfo&utm_content=original","original","4608","3456","File:Morong,Bataanjf7085 06.JPG","Ramon FVelasquez","Own work","CC BY-SA 3.0","https://creativecommons.org/licenses/by-sa/3.0","image/jpeg","4608","3456","abb3d652399c8960fd88de048e96bbea01070fd4c108609364712235d96c1a23","hard_negative_candidate","Visual review: indoor/painted turtle display or museum signage; do not use as a hatchery-positive image.","2026-08-14T03:42:27Z"
"raw/commons-approved/pawikan-conservation-center/pawikan-conservation-center-6a7c85790448.jpg","Category:Pawikan Conservation Center","https://commons.wikimedia.org/wiki/File:Morong,Bataanjf7085_07.JPG","https://upload.wikimedia.org/wikipedia/commons/9/9e/Morong%2CBataanjf7085_07.JPG?utm_source=commons.wikimedia.org&utm_campaign=imageinfo&utm_content=original","https://upload.wikimedia.org/wikipedia/commons/9/9e/Morong%2CBataanjf7085_07.JPG?utm_source=commons.wikimedia.org&utm_campaign=imageinfo&utm_content=original","original","4608","3456","File:Morong,Bataanjf7085 07.JPG","Ramon FVelasquez","Own work","CC BY-SA 3.0","https://creativecommons.org/licenses/by-sa/3.0","image/jpeg","4608","3456","6c9e05c8b1881762c4f90d8b96140ead085898422f91acd46b8ad36a560f7d0b","hard_negative_candidate","Visual review: indoor/painted turtle display or museum signage; do not use as a hatchery-positive image.","2026-08-14T03:42:27Z"
"raw/commons-approved/pawikan-conservation-center/pawikan-conservation-center-575fa69ef1a8.jpg","Category:Pawikan Conservation Center","https://commons.wikimedia.org/wiki/File:Morong,Bataanjf7085_08.JPG","https://upload.wikimedia.org/wikipedia/commons/f/f8/Morong%2CBataanjf7085_08.JPG?utm_source=commons.wikimedia.org&utm_campaign=imageinfo&utm_content=original","https://upload.wikimedia.org/wikipedia/commons/f/f8/Morong%2CBataanjf7085_08.JPG?utm_source=commons.wikimedia.org&utm_campaign=imageinfo&utm_content=original","original","4608","3456","File:Morong,Bataanjf7085 08.JPG","Ramon FVelasquez","Own work","CC BY-SA 3.0","https://creativecommons.org/licenses/by-sa/3.0","image/jpeg","4608","3456","b37ae8a424ee96845f670386eaddc68f2dfc033e543636dcf03750392fdfe58c","hard_negative_candidate","Visual review: indoor/painted turtle display or museum signage; do not use as a hatchery-positive image.","2026-08-14T03:42:27Z"
"raw/commons-approved/pawikan-conservation-center/pawikan-conservation-center-0a5e3d1d5f8e.jpg","Category:Pawikan Conservation Center","https://commons.wikimedia.org/wiki/File:Morong,Bataanjf7085_09.JPG","https://upload.wikimedia.org/wikipedia/commons/8/86/Morong%2CBataanjf7085_09.JPG?utm_source=commons.wikimedia.org&utm_campaign=imageinfo&utm_content=original","https://upload.wikimedia.org/wikipedia/commons/8/86/Morong%2CBataanjf7085_09.JPG?utm_source=commons.wikimedia.org&utm_campaign=imageinfo&utm_content=original","original","4608","3456","File:Morong,Bataanjf7085 09.JPG","Ramon FVelasquez","Own work","CC BY-SA 3.0","https://creativecommons.org/licenses/by-sa/3.0","image/jpeg","4608","3456","88e4ae0d2f075a575fc58ba2aeee65bc6befbd8ce261af0b9573bba8e8efff25","hard_negative_candidate","Visual review: indoor/painted turtle display or museum signage; do not use as a hatchery-positive image.","2026-08-14T03:42:27Z"
"raw/commons-approved/pawikan-conservation-center/pawikan-conservation-center-dad09d6aa271.jpg","Category:Pawikan Conservation Center","https://commons.wikimedia.org/wiki/File:Morong,Bataanjf7085_10.JPG","https://upload.wikimedia.org/wikipedia/commons/7/78/Morong%2CBataanjf7085_10.JPG?utm_source=commons.wikimedia.org&utm_campaign=imageinfo&utm_content=original","https://upload.wikimedia.org/wikipedia/commons/7/78/Morong%2CBataanjf7085_10.JPG?utm_source=commons.wikimedia.org&utm_campaign=imageinfo&utm_content=original","original","4608","3456","File:Morong,Bataanjf7085 10.JPG","Ramon FVelasquez","Own work","CC BY-SA 3.0","https://creativecommons.org/licenses/by-sa/3.0","image/jpeg","4608","3456","b443087ebc78b8aa9708a5dacdbb3f03842ebcaa2a252290cd344ccd03beea3e","hard_negative_candidate","Visual review: indoor/painted turtle display or museum signage; do not use as a hatchery-positive image.","2026-08-14T03:42:27Z"
"raw/commons-approved/pawikan-conservation-center/pawikan-conservation-center-0c16969f5675.jpg","Category:Pawikan Conservation Center","https://commons.wikimedia.org/wiki/File:Morong,Bataanjf7085_11.JPG","https://upload.wikimedia.org/wikipedia/commons/6/64/Morong%2CBataanjf7085_11.JPG?utm_source=commons.wikimedia.org&utm_campaign=imageinfo&utm_content=original","https://upload.wikimedia.org/wikipedia/commons/6/64/Morong%2CBataanjf7085_11.JPG?utm_source=commons.wikimedia.org&utm_campaign=imageinfo&utm_content=original","original","4608","3456","File:Morong,Bataanjf7085 11.JPG","Ramon FVelasquez","Own work","CC BY-SA 3.0","https://creativecommons.org/licenses/by-sa/3.0","image/jpeg","4608","3456","30799086c50b7528c99109b0ea27136e3fd12599bd71e9896c6bd9ad159d3a65","hard_negative_candidate","Visual review: indoor/painted turtle display or museum signage; do not use as a hatchery-positive image.","2026-08-14T03:42:27Z"
"raw/commons-approved/pawikan-conservation-center/pawikan-conservation-center-ad7bdcb024d1.jpg","Category:Pawikan Conservation Center","https://commons.wikimedia.org/wiki/File:Morong,Bataanjf7085_12.JPG","https://upload.wikimedia.org/wikipedia/commons/7/72/Morong%2CBataanjf7085_12.JPG?utm_source=commons.wikimedia.org&utm_campaign=imageinfo&utm_content=original","https://upload.wikimedia.org/wikipedia/commons/7/72/Morong%2CBataanjf7085_12.JPG?utm_source=commons.wikimedia.org&utm_campaign=imageinfo&utm_content=original","original","4608","3456","File:Morong,Bataanjf7085 12.JPG","Ramon FVelasquez","Own work","CC BY-SA 3.0","https://creativecommons.org/licenses/by-sa/3.0","image/jpeg","4608","3456","dfbc8a561acc47c6bf939cad86b366993beb9c7d2869391a0cc5143ae61827f3","needs_human_review","","2026-08-14T03:42:27Z"
"raw/commons-approved/pawikan-conservation-center/pawikan-conservation-center-5fa53598a53f.jpg","Category:Pawikan Conservation Center","https://commons.wikimedia.org/wiki/File:Morong,Bataanjf7136_01.JPG","https://upload.wikimedia.org/wikipedia/commons/a/a5/Morong%2CBataanjf7136_01.JPG?utm_source=commons.wikimedia.org&utm_campaign=imageinfo&utm_content=original","https://upload.wikimedia.org/wikipedia/commons/a/a5/Morong%2CBataanjf7136_01.JPG?utm_source=commons.wikimedia.org&utm_campaign=imageinfo&utm_content=original","original","3456","4608","File:Morong,Bataanjf7136 01.JPG","Ramon FVelasquez","Own work","CC BY-SA 3.0","https://creativecommons.org/licenses/by-sa/3.0","image/jpeg","3456","4608","53cb469259aeaef40b0a8b1e794d4b2cfdc1771ab3d5e7ab394b318f46b56cf2","needs_human_review","","2026-08-14T03:42:27Z"
"raw/commons-approved/pawikan-conservation-center/pawikan-conservation-center-3e08ba676ba8.jpg","Category:Pawikan Conservation Center","https://commons.wikimedia.org/wiki/File:Morong,Bataanjf7136_02.JPG","https://upload.wikimedia.org/wikipedia/commons/1/1e/Morong%2CBataanjf7136_02.JPG?utm_source=commons.wikimedia.org&utm_campaign=imageinfo&utm_content=original","https://upload.wikimedia.org/wikipedia/commons/1/1e/Morong%2CBataanjf7136_02.JPG?utm_source=commons.wikimedia.org&utm_campaign=imageinfo&utm_content=original","original","3456","4608","File:Morong,Bataanjf7136 02.JPG","Ramon FVelasquez","Own work","CC BY-SA 3.0","https://creativecommons.org/licenses/by-sa/3.0","image/jpeg","3456","4608","1e570120e76845adcbc40297139765efab1076576ce69965f2488571614b8269","needs_human_review","","2026-08-14T03:42:27Z"
"raw/commons-approved/pawikan-conservation-center/pawikan-conservation-center-ec72f1c8b901.jpg","Category:Pawikan Conservation Center","https://commons.wikimedia.org/wiki/File:Morong,Bataanjf7136_03.JPG","https://upload.wikimedia.org/wikipedia/commons/2/2f/Morong%2CBataanjf7136_03.JPG?utm_source=commons.wikimedia.org&utm_campaign=imageinfo&utm_content=original","https://upload.wikimedia.org/wikipedia/commons/2/2f/Morong%2CBataanjf7136_03.JPG?utm_source=commons.wikimedia.org&utm_campaign=imageinfo&utm_content=original","original","4608","3456","File:Morong,Bataanjf7136 03.JPG","Ramon FVelasquez","Own work","CC BY-SA 3.0","https://creativecommons.org/licenses/by-sa/3.0","image/jpeg","4608","3456","21273ba90fd01a0068b7044d13e0d964341e81833a50097d387c206f31435fbc","needs_human_review","","2026-08-14T03:42:27Z"
"raw/commons-approved/pawikan-conservation-center/pawikan-conservation-center-5f53393c1a5c.jpg","Category:Pawikan Conservation Center","https://commons.wikimedia.org/wiki/File:Morong,Bataanjf7136_04.JPG","https://upload.wikimedia.org/wikipedia/commons/2/22/Morong%2CBataanjf7136_04.JPG?utm_source=commons.wikimedia.org&utm_campaign=imageinfo&utm_content=original","https://upload.wikimedia.org/wikipedia/commons/2/22/Morong%2CBataanjf7136_04.JPG?utm_source=commons.wikimedia.org&utm_campaign=imageinfo&utm_content=original","original","4608","3456","File:Morong,Bataanjf7136 04.JPG","Ramon FVelasquez","Own work","CC BY-SA 3.0","https://creativecommons.org/licenses/by-sa/3.0","image/jpeg","4608","3456","ad9147342734e007ddaed97f0047f5ce05a529288e3a2d709aec3c0a1fdb0991","needs_human_review","","2026-08-14T03:42:27Z"
"raw/commons-approved/pawikan-conservation-center/pawikan-conservation-center-839a4ec5bec2.jpg","Category:Pawikan Conservation Center","https://commons.wikimedia.org/wiki/File:Morong,Bataanjf7136_05.JPG","https://upload.wikimedia.org/wikipedia/commons/8/8c/Morong%2CBataanjf7136_05.JPG?utm_source=commons.wikimedia.org&utm_campaign=imageinfo&utm_content=original","https://upload.wikimedia.org/wikipedia/commons/8/8c/Morong%2CBataanjf7136_05.JPG?utm_source=commons.wikimedia.org&utm_campaign=imageinfo&utm_content=original","original","4608","3456","File:Morong,Bataanjf7136 05.JPG","Ramon FVelasquez","Own work","CC BY-SA 3.0","https://creativecommons.org/licenses/by-sa/3.0","image/jpeg","4608","3456","b91a0779f1cfb6f5f3320325e31f8278dd4e47b51d92555e35735a1555a1d870","needs_human_review","","2026-08-14T03:42:27Z"
"raw/commons-approved/pawikan-conservation-center/pawikan-conservation-center-5ae9cfab98d3.jpg","Category:Pawikan Conservation Center","https://commons.wikimedia.org/wiki/File:Morong,Bataanjf7136_06.JPG","https://upload.wikimedia.org/wikipedia/commons/8/8b/Morong%2CBataanjf7136_06.JPG?utm_source=commons.wikimedia.org&utm_campaign=imageinfo&utm_content=original","https://upload.wikimedia.org/wikipedia/commons/8/8b/Morong%2CBataanjf7136_06.JPG?utm_source=commons.wikimedia.org&utm_campaign=imageinfo&utm_content=original","original","4608","3456","File:Morong,Bataanjf7136 06.JPG","Ramon FVelasquez","Own work","CC BY-SA 3.0","https://creativecommons.org/licenses/by-sa/3.0","image/jpeg","4608","3456","fe9e8d60e906cb228aa94a459d19d82e848998a3a45f4ae460c6311f52239246","needs_human_review","","2026-08-14T03:42:27Z"
"raw/commons-approved/pawikan-conservation-center/pawikan-conservation-center-f71dc772e72c.jpg","Category:Pawikan Conservation Center","https://commons.wikimedia.org/wiki/File:Morong,Bataanjf7136_07.JPG","https://upload.wikimedia.org/wikipedia/commons/9/94/Morong%2CBataanjf7136_07.JPG?utm_source=commons.wikimedia.org&utm_campaign=imageinfo&utm_content=original","https://upload.wikimedia.org/wikipedia/commons/9/94/Morong%2CBataanjf7136_07.JPG?utm_source=commons.wikimedia.org&utm_campaign=imageinfo&utm_content=original","original","4608","3456","File:Morong,Bataanjf7136 07.JPG","Ramon FVelasquez","Own work","CC BY-SA 3.0","https://creativecommons.org/licenses/by-sa/3.0","image/jpeg","4608","3456","4f5dc87d60a540ea51988dd99b8bd7c059e129cfb277457f84eb6899f495d539","needs_human_review","","2026-08-14T03:42:27Z"
"raw/commons-approved/pawikan-conservation-center/pawikan-conservation-center-a6e13f7a87d6.jpg","Category:Pawikan Conservation Center","https://commons.wikimedia.org/wiki/File:Morongjf7073_01.JPG","https://upload.wikimedia.org/wikipedia/commons/b/b2/Morongjf7073_01.JPG?utm_source=commons.wikimedia.org&utm_campaign=imageinfo&utm_content=original","https://upload.wikimedia.org/wikipedia/commons/b/b2/Morongjf7073_01.JPG?utm_source=commons.wikimedia.org&utm_campaign=imageinfo&utm_content=original","original","4608","3456","File:Morongjf7073 01.JPG","Ramon FVelasquez","Own work","CC BY-SA 3.0","https://creativecommons.org/licenses/by-sa/3.0","image/jpeg","4608","3456","d09d6b654af2ce946ae9eb1575a2042b4c511126e340899177ebd2817ad57121","needs_human_review","","2026-08-14T03:42:27Z"
"raw/commons-approved/pawikan-conservation-center/pawikan-conservation-center-77d113f5a8d6.jpg","Category:Pawikan Conservation Center","https://commons.wikimedia.org/wiki/File:Morongjf7073_02.JPG","https://upload.wikimedia.org/wikipedia/commons/1/13/Morongjf7073_02.JPG?utm_source=commons.wikimedia.org&utm_campaign=imageinfo&utm_content=original","https://upload.wikimedia.org/wikipedia/commons/1/13/Morongjf7073_02.JPG?utm_source=commons.wikimedia.org&utm_campaign=imageinfo&utm_content=original","original","4608","3456","File:Morongjf7073 02.JPG","Ramon FVelasquez","Own work","CC BY-SA 3.0","https://creativecommons.org/licenses/by-sa/3.0","image/jpeg","4608","3456","170f2824d5abb04a8c6da523d5a371cc34f8d2879358c0570ca6fc8b3c288e47","needs_human_review","","2026-08-14T03:42:27Z"
"raw/commons-approved/pawikan-conservation-center/pawikan-conservation-center-4258d8abdb47.jpg","Category:Pawikan Conservation Center","https://commons.wikimedia.org/wiki/File:Morongjf7073_03.JPG","https://upload.wikimedia.org/wikipedia/commons/2/2f/Morongjf7073_03.JPG?utm_source=commons.wikimedia.org&utm_campaign=imageinfo&utm_content=original","https://upload.wikimedia.org/wikipedia/commons/2/2f/Morongjf7073_03.JPG?utm_source=commons.wikimedia.org&utm_campaign=imageinfo&utm_content=original","original","4608","3456","File:Morongjf7073 03.JPG","Ramon FVelasquez","Own work","CC BY-SA 3.0","https://creativecommons.org/licenses/by-sa/3.0","image/jpeg","4608","3456","b0f90916e8d9b5d523324fd3fc346d399dbfa559ec0c659c05e22dc4e3984630","needs_human_review","","2026-08-14T03:42:27Z"
"raw/commons-approved/pawikan-conservation-center/pawikan-conservation-center-7d7e41e01d91.jpg","Category:Pawikan Conservation Center","https://commons.wikimedia.org/wiki/File:Morongjf7073_04.JPG","https://upload.wikimedia.org/wikipedia/commons/d/de/Morongjf7073_04.JPG?utm_source=commons.wikimedia.org&utm_campaign=imageinfo&utm_content=original","https://upload.wikimedia.org/wikipedia/commons/d/de/Morongjf7073_04.JPG?utm_source=commons.wikimedia.org&utm_campaign=imageinfo&utm_content=original","original","4608","3456","File:Morongjf7073 04.JPG","Ramon FVelasquez","Own work","CC BY-SA 3.0","https://creativecommons.org/licenses/by-sa/3.0","image/jpeg","4608","3456","4164aeef03defba44774901736620f22e42e1acac7902b1c3ac2f1dfc561869a","needs_human_review","","2026-08-14T03:42:27Z"
"raw/commons-approved/pawikan-conservation-center/pawikan-conservation-center-533a0b8e8231.jpg","Category:Pawikan Conservation Center","https://commons.wikimedia.org/wiki/File:Morongjf7073_05.JPG","https://upload.wikimedia.org/wikipedia/commons/e/e7/Morongjf7073_05.JPG?utm_source=commons.wikimedia.org&utm_campaign=imageinfo&utm_content=original","https://upload.wikimedia.org/wikipedia/commons/e/e7/Morongjf7073_05.JPG?utm_source=commons.wikimedia.org&utm_campaign=imageinfo&utm_content=original","original","4608","3456","File:Morongjf7073 05.JPG","Ramon FVelasquez","Own work","CC BY-SA 3.0","https://creativecommons.org/licenses/by-sa/3.0","image/jpeg","4608","3456","ef23c5678a3f7ed28d99ca9318ddf8ba82eb85fc68c8ab829f04cbefcc0d2c45","needs_human_review","","2026-08-14T03:42:27Z"
"raw/commons-approved/pawikan-conservation-center/pawikan-conservation-center-ddb32c3fc5cd.jpg","Category:Pawikan Conservation Center","https://commons.wikimedia.org/wiki/File:Morongjf7073_06.JPG","https://upload.wikimedia.org/wikipedia/commons/2/23/Morongjf7073_06.JPG?utm_source=commons.wikimedia.org&utm_campaign=imageinfo&utm_content=original","https://upload.wikimedia.org/wikipedia/commons/thumb/2/23/Morongjf7073_06.JPG/3840px-Morongjf7073_06.JPG?utm_source=commons.wikimedia.org&utm_campaign=imageinfo&utm_content=thumbnail","thumbnail_2048","2048","1536","File:Morongjf7073 06.JPG","Ramon FVelasquez","Own work","CC BY-SA 3.0","https://creativecommons.org/licenses/by-sa/3.0","image/jpeg","4608","3456","35a7c848eca8c30d3b468d5d2ab8c4c939a4b15a3c0641cb919bcab2c5495b82","needs_human_review","","2026-08-14T03:42:27Z"
"raw/commons-approved/pawikan-conservation-center/pawikan-conservation-center-3f7271757f79.jpg","Category:Pawikan Conservation Center","https://commons.wikimedia.org/wiki/File:Morongjf7073_07.JPG","https://upload.wikimedia.org/wikipedia/commons/8/84/Morongjf7073_07.JPG?utm_source=commons.wikimedia.org&utm_campaign=imageinfo&utm_content=original","https://upload.wikimedia.org/wikipedia/commons/thumb/8/84/Morongjf7073_07.JPG/3840px-Morongjf7073_07.JPG?utm_source=commons.wikimedia.org&utm_campaign=imageinfo&utm_content=thumbnail","thumbnail_2048","2048","1536","File:Morongjf7073 07.JPG","Ramon FVelasquez","Own work","CC BY-SA 3.0","https://creativecommons.org/licenses/by-sa/3.0","image/jpeg","4608","3456","4db2e753981e60ee1656896765943ae91f24721f8fd82424c6389ab3a2f7a55c","needs_human_review","","2026-08-14T03:42:27Z"
"raw/commons-approved/pawikan-conservation-center/pawikan-conservation-center-bdf09bddebf7.jpg","Category:Pawikan Conservation Center","https://commons.wikimedia.org/wiki/File:Morongjf7073_08.JPG","https://upload.wikimedia.org/wikipedia/commons/9/95/Morongjf7073_08.JPG?utm_source=commons.wikimedia.org&utm_campaign=imageinfo&utm_content=original","https://upload.wikimedia.org/wikipedia/commons/thumb/9/95/Morongjf7073_08.JPG/3840px-Morongjf7073_08.JPG?utm_source=commons.wikimedia.org&utm_campaign=imageinfo&utm_content=thumbnail","thumbnail_2048","2048","1536","File:Morongjf7073 08.JPG","Ramon FVelasquez","Own work","CC BY-SA 3.0","https://creativecommons.org/licenses/by-sa/3.0","image/jpeg","4608","3456","d6d6d628e5f66b25bd01720c44a87d60c74292cc22fe36e35a9170b477421f74","needs_human_review","","2026-08-14T03:42:27Z"
"raw/commons-approved/pawikan-conservation-center/pawikan-conservation-center-24e1199bcb75.jpg","Category:Pawikan Conservation Center","https://commons.wikimedia.org/wiki/File:Morongjf7073_09.JPG","https://upload.wikimedia.org/wikipedia/commons/7/7c/Morongjf7073_09.JPG?utm_source=commons.wikimedia.org&utm_campaign=imageinfo&utm_content=original","https://upload.wikimedia.org/wikipedia/commons/thumb/7/7c/Morongjf7073_09.JPG/3840px-Morongjf7073_09.JPG?utm_source=commons.wikimedia.org&utm_campaign=imageinfo&utm_content=thumbnail","thumbnail_2048","2048","1536","File:Morongjf7073 09.JPG","Ramon FVelasquez","Own work","CC BY-SA 3.0","https://creativecommons.org/licenses/by-sa/3.0","image/jpeg","4608","3456","4ac8a746dcb58dd0a93ad2009a21c31a20a2e2f943e83e293010d6f0dfcdcd06","needs_human_review","","2026-08-14T03:42:27Z"
"raw/commons-approved/pawikan-conservation-center/pawikan-conservation-center-fbac1b2db139.jpg","Category:Pawikan Conservation Center","https://commons.wikimedia.org/wiki/File:Morongjf7073_10.JPG","https://upload.wikimedia.org/wikipedia/commons/a/a6/Morongjf7073_10.JPG?utm_source=commons.wikimedia.org&utm_campaign=imageinfo&utm_content=original","https://upload.wikimedia.org/wikipedia/commons/thumb/a/a6/Morongjf7073_10.JPG/3840px-Morongjf7073_10.JPG?utm_source=commons.wikimedia.org&utm_campaign=imageinfo&utm_content=thumbnail","thumbnail_2048","2048","1536","File:Morongjf7073 10.JPG","Ramon FVelasquez","Own work","CC BY-SA 3.0","https://creativecommons.org/licenses/by-sa/3.0","image/jpeg","4608","3456","dc1715a98a6f0b1469431f155d4459e28d1c56d6f2d445aef8a62a031e69c7ff","needs_human_review","","2026-08-14T03:42:27Z"
"raw/commons-approved/pawikan-conservation-center/pawikan-conservation-center-261cc59f11f2.jpg","Category:Pawikan Conservation Center","https://commons.wikimedia.org/wiki/File:Morongjf7073_11.JPG","https://upload.wikimedia.org/wikipedia/commons/b/b1/Morongjf7073_11.JPG?utm_source=commons.wikimedia.org&utm_campaign=imageinfo&utm_content=original","https://upload.wikimedia.org/wikipedia/commons/thumb/b/b1/Morongjf7073_11.JPG/3840px-Morongjf7073_11.JPG?utm_source=commons.wikimedia.org&utm_campaign=imageinfo&utm_content=thumbnail","thumbnail_2048","2048","1536","File:Morongjf7073 11.JPG","Ramon FVelasquez","Own work","CC BY-SA 3.0","https://creativecommons.org/licenses/by-sa/3.0","image/jpeg","4608","3456","567ca1a819feba92e5a526526eb812000b499357d451ac53095e9dff82952730","needs_human_review","","2026-08-14T03:42:27Z"
"raw/commons-approved/pawikan-conservation-center/pawikan-conservation-center-1f08600ce9e5.jpg","Category:Pawikan Conservation Center","https://commons.wikimedia.org/wiki/File:Morongjf7073_12.JPG","https://upload.wikimedia.org/wikipedia/commons/8/89/Morongjf7073_12.JPG?utm_source=commons.wikimedia.org&utm_campaign=imageinfo&utm_content=original","https://upload.wikimedia.org/wikipedia/commons/thumb/8/89/Morongjf7073_12.JPG/3840px-Morongjf7073_12.JPG?utm_source=commons.wikimedia.org&utm_campaign=imageinfo&utm_content=thumbnail","thumbnail_2048","2048","1536","File:Morongjf7073 12.JPG","Ramon FVelasquez","Own work","CC BY-SA 3.0","https://creativecommons.org/licenses/by-sa/3.0","image/jpeg","4608","3456","a9c0ce03ecdbc7aba23c248982968fdb265b861822ce7ac77013d0116f321198","needs_human_review","","2026-08-14T03:42:27Z"
"raw/commons-approved/pawikan-conservation-center/pawikan-conservation-center-5c66b2fa3aa5.jpg","Category:Pawikan Conservation Center","https://commons.wikimedia.org/wiki/File:Morongjf7099_14.JPG","https://upload.wikimedia.org/wikipedia/commons/a/ae/Morongjf7099_14.JPG?utm_source=commons.wikimedia.org&utm_campaign=imageinfo&utm_content=original","https://upload.wikimedia.org/wikipedia/commons/thumb/a/ae/Morongjf7099_14.JPG/3840px-Morongjf7099_14.JPG?utm_source=commons.wikimedia.org&utm_campaign=imageinfo&utm_content=thumbnail","thumbnail_2048","2048","1536","File:Morongjf7099 14.JPG","Ramon FVelasquez","Own work","CC BY-SA 3.0","https://creativecommons.org/licenses/by-sa/3.0","image/jpeg","4608","3456","ac4320b37c753486506b31366f533efc857c702ff371630df9dddf5184f0d5c9","needs_human_review","","2026-08-14T03:42:27Z"
"raw/commons-approved/pawikan-conservation-center/pawikan-conservation-center-27f20db18839.jpg","Category:Pawikan Conservation Center","https://commons.wikimedia.org/wiki/File:Morongjf7099_15.JPG","https://upload.wikimedia.org/wikipedia/commons/e/ec/Morongjf7099_15.JPG?utm_source=commons.wikimedia.org&utm_campaign=imageinfo&utm_content=original","https://upload.wikimedia.org/wikipedia/commons/thumb/e/ec/Morongjf7099_15.JPG/3840px-Morongjf7099_15.JPG?utm_source=commons.wikimedia.org&utm_campaign=imageinfo&utm_content=thumbnail","thumbnail_2048","2048","1536","File:Morongjf7099 15.JPG","Ramon FVelasquez","Own work","CC BY-SA 3.0","https://creativecommons.org/licenses/by-sa/3.0","image/jpeg","4608","3456","44474bd428783b10369c07bc5adff34285ce9acc6a6f5f517d10bf5385ec5561","needs_human_review","","2026-08-14T03:42:27Z"
